{"cameraMode":{"drawMode":0,"name":"Shaded","section":"Shading Mode"},"sceneLighting":false,"audioPlay":false,"sceneViewState":{"showFog":true,"showMaterialUpdate":true,"showSkybox":false,"showFlares":true,"showImageEffects":true,"showParticleSystems":true},"in2DMode":false,"pivot":{"x":3.8103652000427248,"y":3.654735565185547,"z":-2.400369644165039},"rotation":{"x":0.38997918367385867,"y":0.07448907941579819,"z":-0.03166782110929489,"w":0.9172699451446533},"size":6.112344264984131,"orthographic":false}