{"cameraMode":{"drawMode":0,"name":"Shaded","section":"Shading Mode"},"sceneLighting":false,"audioPlay":false,"sceneViewState":{"showFog":true,"showMaterialUpdate":true,"showSkybox":false,"showFlares":true,"showImageEffects":true,"showParticleSystems":true},"in2DMode":false,"pivot":{"x":-35.13309860229492,"y":0.4462432861328125,"z":-2.7479248046875},"rotation":{"x":0.31286585330963137,"y":-0.08388499915599823,"z":0.027752932161092759,"w":0.9456883072853088},"size":12.513017654418946,"orthographic":false}