{"cameraMode":{"drawMode":0,"name":"Shaded","section":"Shading Mode"},"sceneLighting":true,"audioPlay":false,"sceneViewState":{"showFog":true,"showMaterialUpdate":true,"showSkybox":true,"showFlares":true,"showImageEffects":true,"showParticleSystems":true},"in2DMode":false,"pivot":{"x":29.830947875976564,"y":-2.0390243530273439,"z":27.54482650756836},"rotation":{"x":-0.3450796902179718,"y":0.6164253354072571,"z":-0.34384068846702578,"w":-0.618649959564209},"size":18.912931442260743,"orthographic":false}