{"cameraMode":{"drawMode":0,"name":"Shaded","section":"Shading Mode"},"sceneLighting":true,"audioPlay":false,"sceneViewState":{"showFog":true,"showMaterialUpdate":true,"showSkybox":true,"showFlares":true,"showImageEffects":true,"showParticleSystems":true},"in2DMode":false,"pivot":{"x":4.76709508895874,"y":-1.627150535583496,"z":5.399736404418945},"rotation":{"x":-0.4739696979522705,"y":0.5252346396446228,"z":-0.47940316796302798,"w":-0.5192817449569702},"size":7.757641792297363,"orthographic":false}