{"cameraMode":{"drawMode":0,"name":"Shaded","section":"Shading Mode"},"sceneLighting":true,"audioPlay":false,"sceneViewState":{"showFog":true,"showMaterialUpdate":true,"showSkybox":true,"showFlares":true,"showImageEffects":true,"showParticleSystems":true},"in2DMode":false,"pivot":{"x":0.3563728332519531,"y":-2.306220054626465,"z":3.5044212341308595},"rotation":{"x":-0.3483884036540985,"y":0.6182870268821716,"z":-0.35344094038009646,"w":-0.6094481348991394},"size":17.840152740478517,"orthographic":false}