{"cameraMode":{"drawMode":0,"name":"Shaded","section":"Shading Mode"},"sceneLighting":false,"audioPlay":false,"sceneViewState":{"showFog":true,"showMaterialUpdate":true,"showSkybox":false,"showFlares":true,"showImageEffects":true,"showParticleSystems":true},"in2DMode":false,"pivot":{"x":-8.256759643554688,"y":3.15625,"z":-1.6249995231628419},"rotation":{"x":0.3223412334918976,"y":0.03977034240961075,"z":-0.013554628938436509,"w":0.945700466632843},"size":8.63267993927002,"orthographic":false}