{"cameraMode":{"drawMode":0,"name":"Shaded","section":"Shading Mode"},"sceneLighting":true,"audioPlay":false,"sceneViewState":{"showFog":true,"showMaterialUpdate":true,"showSkybox":true,"showFlares":true,"showImageEffects":true,"showParticleSystems":true},"in2DMode":false,"pivot":{"x":2.335526943206787,"y":-0.20918846130371095,"z":-4.166377067565918},"rotation":{"x":-0.4739696979522705,"y":0.5252346396446228,"z":-0.47940316796302798,"w":-0.5192817449569702},"size":11.14255428314209,"orthographic":false}