{"cameraMode":{"drawMode":0,"name":"Shaded","section":"Shading Mode"},"sceneLighting":true,"audioPlay":false,"sceneViewState":{"showFog":true,"showMaterialUpdate":true,"showSkybox":true,"showFlares":true,"showImageEffects":true,"showParticleSystems":true},"in2DMode":false,"pivot":{"x":27.933286666870118,"y":6.319574356079102,"z":23.904083251953126},"rotation":{"x":-0.3620603680610657,"y":-0.19987261295318604,"z":0.07978474348783493,"w":-0.9069835543632507},"size":20.815570831298829,"orthographic":false}