{"cameraMode":{"drawMode":0,"name":"Shaded","section":"Shading Mode"},"sceneLighting":false,"audioPlay":false,"sceneViewState":{"showFog":true,"showMaterialUpdate":true,"showSkybox":false,"showFlares":true,"showImageEffects":true,"showParticleSystems":true},"in2DMode":false,"pivot":{"x":-22.899747848510743,"y":3.9265241622924806,"z":2.829789161682129},"rotation":{"x":0.2632494866847992,"y":0.183861643075943,"z":-0.05118121951818466,"w":0.9456707239151001},"size":8.683744430541993,"orthographic":false}