{"cameraMode":{"drawMode":0,"name":"Shaded","section":"Shading Mode"},"sceneLighting":true,"audioPlay":false,"sceneViewState":{"showFog":true,"showMaterialUpdate":true,"showSkybox":true,"showFlares":true,"showImageEffects":true,"showParticleSystems":true},"in2DMode":false,"pivot":{"x":-12.514307022094727,"y":-9.688607215881348,"z":-0.9813232421875},"rotation":{"x":0.3441619277000427,"y":0.21554774045944215,"z":-0.08150088787078858,"w":0.9102027416229248},"size":17.43987274169922,"orthographic":false}