{"cameraMode":{"drawMode":0,"name":"Shaded","section":"Shading Mode"},"sceneLighting":false,"audioPlay":false,"sceneViewState":{"showFog":true,"showMaterialUpdate":true,"showSkybox":false,"showFlares":true,"showImageEffects":true,"showParticleSystems":true},"in2DMode":false,"pivot":{"x":-1.4367337226867676,"y":6.44123649597168,"z":-4.207035064697266},"rotation":{"x":0.2632494866847992,"y":0.183861643075943,"z":-0.05118121951818466,"w":0.9456707239151001},"size":8.683744430541993,"orthographic":false}