{"cameraMode":{"drawMode":0,"name":"Shaded","section":"Shading Mode"},"sceneLighting":true,"audioPlay":false,"sceneViewState":{"showFog":true,"showMaterialUpdate":true,"showSkybox":true,"showFlares":true,"showImageEffects":true,"showParticleSystems":true},"in2DMode":false,"pivot":{"x":3.4506683349609377,"y":-2.1588592529296877,"z":3.85532283782959},"rotation":{"x":-0.3483884036540985,"y":0.6182870268821716,"z":-0.35344094038009646,"w":-0.6094481348991394},"size":9.367403030395508,"orthographic":false}