{"cameraMode":{"drawMode":0,"name":"Shaded","section":"Shading Mode"},"sceneLighting":false,"audioPlay":false,"sceneViewState":{"showFog":true,"showMaterialUpdate":true,"showSkybox":false,"showFlares":true,"showImageEffects":true,"showParticleSystems":true},"in2DMode":false,"pivot":{"x":4.402823448181152,"y":2.2287611961364748,"z":3.4519920349121095},"rotation":{"x":0.3645891845226288,"y":-0.5832828283309937,"z":0.32856905460357668,"w":0.647240161895752},"size":4.626850605010986,"orthographic":false}