{"cameraMode":{"drawMode":0,"name":"Shaded","section":"Shading Mode"},"sceneLighting":true,"audioPlay":false,"sceneViewState":{"showFog":true,"showMaterialUpdate":true,"showSkybox":true,"showFlares":true,"showImageEffects":true,"showParticleSystems":true},"in2DMode":false,"pivot":{"x":3.1308116912841799,"y":-1.9668340682983399,"z":3.42285418510437},"rotation":{"x":-0.3483884036540985,"y":0.6182870268821716,"z":-0.35344094038009646,"w":-0.6094481348991394},"size":8.69556713104248,"orthographic":false}