{"cameraMode":{"drawMode":0,"name":"Shaded","section":"Shading Mode"},"sceneLighting":false,"audioPlay":false,"sceneViewState":{"showFog":true,"showMaterialUpdate":true,"showSkybox":false,"showFlares":true,"showImageEffects":true,"showParticleSystems":true},"in2DMode":false,"pivot":{"x":-15.591165542602539,"y":-3.0746994018554689,"z":-10.038837432861329},"rotation":{"x":0.3441619277000427,"y":0.21554774045944215,"z":-0.08150088787078858,"w":0.9102027416229248},"size":12.792817115783692,"orthographic":false}