{"cameraMode":{"drawMode":0,"name":"Shaded","section":"Shading Mode"},"sceneLighting":true,"audioPlay":false,"sceneViewState":{"showFog":true,"showMaterialUpdate":true,"showSkybox":true,"showFlares":true,"showImageEffects":true,"showParticleSystems":true},"in2DMode":false,"pivot":{"x":4.202021598815918,"y":-0.3761634826660156,"z":-7.639167308807373},"rotation":{"x":-0.4739696979522705,"y":0.5252346396446228,"z":-0.47940316796302798,"w":-0.5192817449569702},"size":8.851188659667969,"orthographic":false}