{"cameraMode":{"drawMode":0,"name":"Shaded","section":"Shading Mode"},"sceneLighting":false,"audioPlay":false,"sceneViewState":{"showFog":true,"showMaterialUpdate":true,"showSkybox":false,"showFlares":true,"showImageEffects":true,"showParticleSystems":true},"in2DMode":false,"pivot":{"x":-2.7735681533813478,"y":-2.774153709411621,"z":-11.238175392150879},"rotation":{"x":0.2711648941040039,"y":-0.39829298853874209,"z":0.12451738119125366,"w":0.8673791289329529},"size":12.601579666137696,"orthographic":false}