{"cameraMode":{"drawMode":0,"name":"Shaded","section":"Shading Mode"},"sceneLighting":true,"audioPlay":false,"sceneViewState":{"showFog":true,"showMaterialUpdate":false,"showSkybox":true,"showFlares":true,"showImageEffects":true,"showParticleSystems":true},"in2DMode":false,"pivot":{"x":-12.359417915344239,"y":1.3567614555358887,"z":4.1051154136657719},"rotation":{"x":-0.15965628623962403,"y":-0.07485172152519226,"z":0.012141609564423561,"w":-0.9842563271522522},"size":0.569379448890686,"orthographic":false}